,Keyword,Cluster
0,bird food store near me,near
1,animal food store near me,near
2,dog food near me,near
3,dog food shop near me,near
4,cat food shop near me,near
5,animal food bank near me,near
6,bird food shop near me,near
7,bird food on sale near me,near
8,animal food pantry near me,near
9,cat food on sale near me,near
10,puppy food shop near me,near
11,bird food store near me,near
12,bird food delivery near me,near
13,dog food on sale near me,near
14,dog food store near me,near
15,animal food near me,near
16,dog food delivery near me,near
17,cat food near me,near
18,cat food near me open now,near
19,animal food shop near me,near
20,animal food donations near me,near
21,cat food store near me,near
22,bird food nearby,near
23,animal food supply near me,near
24,cat food uk,uk
25,puppy food uk best,uk
26,bird food uk voucher code,uk
27,dog food eukanuba,uk
28,dog food online uk,uk
29,puppy food uk reviews,uk
30,dog food uk,uk
31,puppy food calculator uk,uk
32,puppy food reviews uk,uk
33,dog food brands to avoid uk,uk
34,dog food reviews uk,uk
35,cat food online uk,uk
36,cat food yang bagus untuk bulu,uk
37,puppy food eukanuba review,uk
38,animal crackers food uk,uk
39,dog food uk brands,uk
40,eukanuba puppy food zooplus,uk
41,bird food uk,uk
42,bird food wreath uk,uk
43,animal food wholesalers uk,uk
44,puppy food online uk,uk
45,bird food online.co.uk,uk
46,bird food uk peckish,uk
47,animal food manufacturers uk,uk
48,dog food online,online
49,bird food online,online
50,animal food online shop,online
51,bird food online store,online
52,dog food online uk,online
53,dog food online order,online
54,cat food online uk,online
55,bird food online delivery,online
56,dog food zone online,online
57,bird food online ireland,online
58,cat food online delivery,online
59,puppy food online uk,online
60,bird food online.co.uk,online
61,puppy food online delivery,online
62,bird food eating,eating
63,eating bird food zucchini bread,eating
64,eating bird food zucchini muffins,eating
65,eating bird food zucchini fries,eating
66,eating bird food zucchini oatmeal,eating
67,eating bird food quinoa salad,eating
68,eating bird food zucchini boats,eating
69,eating bird food quiche,eating
70,eating bird food zucchini bread overnight oats,eating
71,eating bird food yogurt bark,eating
72,eating bird food zucchini pizza bites,eating
73,types of eating habits of animals,eating
74,cat food you can make at home,can
75,puppy food royal canin,can
76,dog food royal canin,can
77,cat food can,can
78,cat food royal canin,can
79,best puppy food you can buy,can
80,dog food you can cook,can
81,bird food canadian tire,can
82,dog food in can,can
83,cat food can covers,can
84,puppy food can,can
85,puppy food in a can,can
86,dog food can,can
87,cat food in can,can
88,dog food can,can
89,royal canin puppy food yorkie,can
90,puppy food delivery,delivery
91,dog food delivery service,delivery
92,bird food delivery,delivery
93,animal food delivery,delivery
94,cat food delivery,delivery
95,bird food delivery near me,delivery
96,bird food online delivery,delivery
97,dog food delivery near me,delivery
98,cat food quick delivery,delivery
99,cat food online delivery,delivery
100,puppy food online delivery,delivery
101,bird food chain,chain
102,animal food chain,chain
103,animal food chain youtube,chain
104,animal food chain examples,chain
105,animal food chains year 2,chain
106,animal food chain pyramid,chain
107,animal food chain diagram,chain
108,animal food chain,chain
109,animal food chain list,chain
110,animal food chain quiz,chain
111,bird food chain,chain
112,animal kingdom food chain,chain
113,dog food brands to avoid,brands
114,cat food brands,brands
115,puppy food brands,brands
116,bird food brands,brands
117,animal food brands,brands
118,cat food brands to avoid,brands
119,dog food brands to avoid,brands
120,dog food brands to avoid uk,brands
121,dog food brands list,brands
122,dog food uk brands,brands
123,cat food on sale,sale
124,dog food on sale,sale
125,puppy food on sale,sale
126,bird food on sale near me,sale
127,cat food on sale near me,sale
128,bird food on sale,sale
129,bird food wholesale,sale
130,animal food wholesalers,sale
131,dog food on sale near me,sale
132,bird food wholesale suppliers,sale
133,dog food wholesale,sale
134,cat food wholesale,sale
135,bird food for sale,sale
136,animal food on sale,sale
137,animal food for sale,sale
138,animal food wholesalers uk,sale
139,animal food sales jobs,sale
140,dog food calculator by breed,calculator
141,dog food calculator by breed,calculator
142,puppy food amount calculator,calculator
143,dog food calculator,calculator
144,puppy food calculator by breed,calculator
145,puppy food quantity calculator,calculator
146,cat food calculator,calculator
147,puppy food calculator uk,calculator
148,dog food calculator by breed,calculator
149,cat food quantity calculator,calculator
150,cat food quantity,quantity
151,puppy food quantity guide,quantity
152,dog food quantity chart,quantity
153,dog food quantity,quantity
154,puppy food quantity calculator,quantity
155,dog food quantity for puppies,quantity
156,labrador puppy food quantity,quantity
157,pedigree puppy food quantity,quantity
158,cat food quantity calculator,quantity
159,orijen puppy food quantity,quantity
160,cat food container,container
161,animal food container,container
162,bird food storage container,container
163,dog food container,container
164,dog food container,container
165,cat food storage container,container
166,animal food storage containers,container
167,puppy food container,container
168,bird food container,container
169,dog food container 50 lbs,container
170,puppy food vs all life stages,vs
171,animal food vs plant food,vs
172,cat food vs kitten food,vs
173,dog food vs cat food,vs
174,puppy food vs senior food,vs
175,puppy food vs adult food,vs
176,puppy food vs small breed food,vs
177,puppy food vs all stages,vs
178,puppy food vs regular dog food,vs
179,bird food store near me,store
180,animal food store near me,store
181,bird food online store,store
182,animal food store,store
183,bird food store near me,store
184,bird food store,store
185,dog food store near me,store
186,dog food store,store
187,cat food store near me,store
188,dog food dispenser,dispenser
189,cat food dispenser timer,dispenser
190,animal food dispenser,dispenser
191,puppy food dispenser,dispenser
192,cat food dispenser timer,dispenser
193,dog food dispenser toy,dispenser
194,cat food and water dispenser,dispenser
195,cat food dispenser automatic,dispenser
196,dog food for sensitive stomach,stomach
197,puppy food sensitive stomach,stomach
198,puppy food for sensitive stomach,stomach
199,puppy food easy on stomach,stomach
200,dog food upset stomach,stomach
201,cat food sensitive stomach,stomach
202,puppy food upset stomach,stomach
203,dog food sensitive stomach,stomach
204,dog food grain free,grain
205,cat food grain free,grain
206,puppy food grain free,grain
207,puppy food grain free or not,grain
208,bird food grains,grain
209,dog food grain free or not,grain
210,puppy food with grain,grain
211,dog food with grain,grain
212,puppy food no grain,grain
213,dog food without chicken,chicken
214,puppy food no chicken,chicken
215,cat food without chicken,chicken
216,puppy food without chicken,chicken
217,dog food no chicken,chicken
218,puppy food with zero chicken,chicken
219,cat food no chicken,chicken
220,puppy food chicken and rice,chicken
221,cat food walmart,walmart
222,puppy food walmart,walmart
223,bird food at walmart,walmart
224,dog food at walmart,walmart
225,cat food at walmart,walmart
226,puppy food at walmart,walmart
227,bird food walmart,walmart
228,puppy food walmart,walmart
229,puppy food yellow bag,bag
230,cat food green bag,bag
231,dog food green bag,bag
232,iams puppy food yellow bag,bag
233,dog food yang bagus,bag
234,cat food yang bagus,bag
235,puppy food blue bag,bag
236,cat food yang bagus untuk bulu,bag
237,kirkland puppy food yellow bag,bag
238,puppy food large bag,bag
239,dog food bag,bag
240,cat food yang bagus dan murah,bag
241,animal food online shop,shop
242,dog food shop near me,shop
243,cat food shop near me,shop
244,bird food shop near me,shop
245,puppy food shop near me,shop
246,animal food shop near me,shop
247,animal food shop,shop
248,bird food shop,shop
249,dog food nutrition,nutrition
250,animal food nutritionist,nutrition
251,animal food nutrition,nutrition
252,cat food nutrition,nutrition
253,puppy food nutrition,nutrition
254,cat food nutrition chart,nutrition
255,cat food nutrition comparison,nutrition
256,puppy food nutritional requirements,nutrition
257,animal food and nutrition,nutrition
258,dog food nutrition facts,nutrition
259,dog food urinary health,urinary
260,cat food urinary so,urinary
261,cat food for urinary health,urinary
262,cat food urinary stress,urinary
263,cat food urinary health c/d,urinary
264,dog food urinary so,urinary
265,cat food urinary care c/d,urinary
266,cat food urinary purina,urinary
267,puppy food blue buffalo,blue
268,cat food blue buffalo,blue
269,dog food blue buffalo,blue
270,puppy food blue,blue
271,puppy food blue bag,blue
272,cat food blue wilderness,blue
273,bird food blue jays,blue
274,dog food blue diamond,blue
275,cat food in gravy,gravy
276,cat food gravy recipe,gravy
277,cat food just gravy,gravy
278,cat food jelly or gravy,gravy
279,puppy food gravy,gravy
280,cat food gravy pouches,gravy
281,cat food with gravy,gravy
282,cat food extra gravy,gravy
283,dog food quality,quality
284,cat food quality,quality
285,puppy food quality,quality
286,bird food quality,quality
287,dog food quality chart,quality
288,cat food quality list,quality
289,dog food quality rating,quality
290,dog food reviews,reviews
291,cat food reviews,reviews
292,puppy food reviews,reviews
293,cat food reviews,reviews
294,puppy food uk reviews,reviews
295,puppy food reviews uk,reviews
296,dog food reviews uk,reviews
297,cat food shortage 2022,shortage
298,dog food shortage,shortage
299,animal food shortage,shortage
300,cat food shortage,shortage
301,cat food shortage 2021,shortage
302,dog food shortage 2022,shortage
303,cat food shortage 2022,shortage
304,dog food homemade,home
305,cat food you can make at home,home
306,puppy food pets at home,home
307,bird food at home,home
308,bird food home depot,home
309,cat food at home,home
310,bird food home bargains,home
311,animal food and home,home
312,puppy food homemade recipe,home
313,cat food bowls,bowl
314,puppy food bowl,bowl
315,dog food bowl,bowl
316,cat food and water bowls,bowl
317,animal food bowls,bowl
318,dog food bowl stand,bowl
319,puppy food and water bowls,bowl
320,dog food and water bowl,bowl
321,puppy food bowl,bowl
322,puppy food bowl size,bowl
323,cat food bowl stand,bowl
324,bird food and water bowls,bowl
325,puppy food chart,chart
326,dog food quantity chart,chart
327,puppy food chart,chart
328,dog food quality chart,chart
329,cat food nutrition chart,chart
330,animal food chart,chart
331,animal food habits chart,chart
332,puppy food zooplus,zooplus
333,bird food zooplus,zooplus
334,orijen puppy food zooplus,zooplus
335,beta puppy food zooplus,zooplus
336,eukanuba puppy food zooplus,zooplus
337,dog food zooplus,zooplus
338,hypoallergenic puppy food zooplus,zooplus
339,bird food list,list
340,animal food products list,list
341,puppy food list,list
342,animal food products list,list
343,animal food chain list,list
344,cat food quality list,list
345,dog food brands list,list
346,animal food hs code,code
347,animal food hsn code,code
348,bird food uk voucher code,code
349,bird food voucher code,code
350,animal crossing food qr codes,code
351,bird food discount code,code
352,animal food hsn code in gst,code
353,dog food hs code,code
354,puppy food for large breeds,breed
355,dog food calculator by breed,breed
356,dog food calculator by breed,breed
357,puppy food for small breeds,breed
358,puppy food small breed,breed
359,puppy food calculator by breed,breed
360,puppy food vs small breed food,breed
361,puppy food medium breed,breed
362,dog food calculator by breed,breed
363,puppy food for large breeds,breed
364,dog food high in protein,high
365,puppy food high in protein,high
366,dog food high in fiber,high
367,cat food high in fiber,high
368,puppy food high in fiber,high
369,animal food bank of the lehigh valley,high
370,animal food high in magnesium,high
371,cat food high protein,high
372,cat food recipes,recipes
373,puppy food recipes,recipes
374,puppy food recipes australia,recipes
375,bird food recipes nz,recipes
376,bird food recipes for parrots,recipes
377,animal food recipes,recipes
378,dog food recipes beef,recipes
379,cat food amazon,amazon
380,bird food amazon,amazon
381,cat food on amazon,amazon
382,bird food on amazon,amazon
383,dog food on amazon,amazon
384,puppy food amazon,amazon
385,dog food amazon,amazon
386,dog food made in usa,usa
387,dog food usa,usa
388,puppy food made in usa,usa
389,cat food made in usa,usa
390,cat food usa,usa
391,bird food usa,usa
392,animal crackers food usa,usa
393,cat food and water bowls,water
394,bird food and water feeder,water
395,puppy food and water bowls,water
396,dog food and water bowl,water
397,animal food we get from water resources,water
398,cat food and water dispenser,water
399,bird food and water bowls,water
400,eating bird food zucchini bread,zucchini
401,eating bird food zucchini muffins,zucchini
402,eating bird food zucchini fries,zucchini
403,eating bird food zucchini oatmeal,zucchini
404,eating bird food zucchini boats,zucchini
405,eating bird food zucchini bread overnight oats,zucchini
406,eating bird food zucchini pizza bites,zucchini
407,animal food making machine,machine
408,bird food vending machine,machine
409,animal food machine,machine
410,animal food pellet machine,machine
411,dog food machine,machine
412,cat food machine,machine
413,animal food processing machine,machine
414,dog food for small dogs,dogs
415,dog food killing dogs,dogs
416,cat food bad for dogs,dogs
417,dog food good for dogs,dogs
418,dog food killing dogs 2021,dogs
419,dog food for senior dogs,dogs
420,cat food good for dogs,dogs
421,dog food brands to avoid,avoid
422,dog food ingredients to avoid,avoid
423,cat food brands to avoid,avoid
424,cat food ingredients to avoid,avoid
425,dog food brands to avoid,avoid
426,dog food brands to avoid uk,avoid
427,dog food name,name
428,cat food names,name
429,bird food name,name
430,bird food ornaments,name
431,animal food name,name
432,puppy food names,name
433,animal food ornaments,name
434,animal food name ideas,name
435,animal food logos and names,name
436,bird food name in hindi,name
437,animal food name,name
438,dog food price,price
439,bird food price,price
440,cat food price in pakistan,price
441,bird food price in bangladesh,price
442,cat food price in bd,price
443,cat food price,price
444,dog food storage,storage
445,bird food storage container,storage
446,animal food storage,storage
447,cat food storage container,storage
448,animal food storage containers,storage
449,cat food storage,storage
450,dog food without chicken,without
451,cat food without xanthan gum,without
452,cat food without chicken,without
453,puppy food without chicken,without
454,puppy food without corn,without
455,dog food without corn,without
456,cat food jelly only,jelly
457,bird food jelly,jelly
458,puppy food jelly,jelly
459,dog food jelly bean,jelly
460,cat food jelly or gravy,jelly
461,dog food jelly,jelly
462,bird food recall 2021,recall
463,dog food recall,recall
464,cat food recall,recall
465,animal food recall,recall
466,cat food recalls 2021,recall
467,dog food recall 2022,recall
468,puppy food recall,recall
469,animal food rich in protein,protein
470,dog food high in protein,protein
471,puppy food high in protein,protein
472,puppy food low protein,protein
473,cat food high protein,protein
474,dog food hydrolyzed protein,protein
475,dog food allergies,allergies
476,dog food for allergies,allergies
477,cat food for allergies,allergies
478,dog food good for allergies,allergies
479,puppy food for allergies,allergies
480,cat food allergies,allergies
481,puppy food costco,costco
482,bird food costco,costco
483,dog food costco,costco
484,cat food costco,costco
485,dog food costco,costco
486,bird food at costco,costco
487,bird food recommended for goldfinches,recommended
488,puppy food recommended by vets,recommended
489,dog food vet recommended,recommended
490,cat food recommended by vets,recommended
491,bird food recommended for goldfinches crossword clue,recommended
492,dog food recommended by vets,recommended
493,dog food in bulk,bulk
494,bird food in bulk,bulk
495,cat food bulk,bulk
496,cat food in bulk,bulk
497,puppy food bulk,bulk
498,bird food bulk,bulk
499,dog food natural balance,natural
500,cat food natural,natural
501,cat food natural balance,natural
502,dog food natural,natural
503,bird food natural,natural
504,puppy food natural,natural
505,dog food tractor supply,supply
506,puppy food tractor supply,supply
507,bird food at tractor supply,supply
508,bird food tractor supply,supply
509,dog food at tractor supply,supply
510,animal food supply near me,supply
511,dog food for sensitive stomach,sensitive
512,puppy food sensitive stomach,sensitive
513,puppy food for sensitive stomach,sensitive
514,cat food sensitive stomach,sensitive
515,dog food sensitive stomach,sensitive
516,dog food grain free,free
517,cat food grain free,free
518,puppy food grain free,free
519,puppy food grain free or not,free
520,dog food grain free or not,free
521,dog food kidney disease,kidney
522,cat food kidney disease,kidney
523,cat food for kidney disease,kidney
524,cat food kidney care,kidney
525,dog food for kidney disease,kidney
526,cat food bowls,bowls
527,cat food and water bowls,bowls
528,animal food bowls,bowls
529,puppy food and water bowls,bowls
530,bird food and water bowls,bowls
531,cat food holder,holder
532,bird food holder,holder
533,bird food jar holder,holder
534,animal food holder crossword,holder
535,bird food holder for cage,holder
536,puppy food nz,nz
537,cat food nz,nz
538,bird food nz,nz
539,dog food nz,nz
540,bird food recipes nz,nz
541,dog food storage,age
542,cat food shortage 2022,age
543,puppy food until what age,age
544,puppy food vs all life stages,age
545,puppy food up to what age,age
546,bird food storage container,age
547,animal food images,age
548,dog food shortage,age
549,animal food storage,age
550,cat food storage container,age
551,animal food storage containers,age
552,cat food storage,age
553,animal food shortage,age
554,cat food shortage,age
555,cat food shortage 2021,age
556,puppy food age,age
557,dog food shortage 2022,age
558,puppy food till what age,age
559,bird food images,age
560,cat food shortage 2022,age
561,puppy food vs all stages,age
562,bird food cage,age
563,bird food holder for cage,age
564,puppy food age range,age
565,puppy food yellow bag,yellow
566,iams puppy food yellow bag,yellow
567,bird food yellow one,yellow
568,kirkland puppy food yellow bag,yellow
569,best puppy food yellow lab,yellow
570,bird food recall 2021,2021
571,cat food recalls 2021,2021
572,cat food shortage 2021,2021
573,dog food killing dogs 2021,2021
574,animal kingdom food 2021,2021
575,animal food bank winnipeg,bank
576,animal food bank near me,bank
577,animal food bank of the lehigh valley,bank
578,animal food bank calgary,bank
579,animal food bank tucson,bank
580,animal food chain youtube,youtube
581,bird food youtube,youtube
582,cat food youtube,youtube
583,animal house food fight youtube,youtube
584,dog food youtube,youtube
585,cat food coles,coles
586,puppy food coles,coles
587,bird food coles,coles
588,dog food coles,coles
589,dog food coles,coles
590,cat food india,india
591,dog food in india,india
592,puppy food india,india
593,bird food india,india
594,animal food manufacturing companies in india,india
595,cat food yearly cost,cost
596,puppy food costco,cost
597,bird food costco,cost
598,dog food costco,cost
599,cat food costco,cost
600,dog food costco,cost
601,cat food cost,cost
602,dog food cost,cost
603,bird food at costco,cost
604,dog food cost,cost
605,dog food yearly cost,cost
606,puppy food kenya,kenya
607,dog food kenya,kenya
608,animal food kenya,kenya
609,cat food kenya,kenya
610,bird food kenya,kenya
611,puppy food orijen,orijen
612,dog food orijen,orijen
613,orijen puppy food zooplus,orijen
614,cat food orijen,orijen
615,orijen puppy food quantity,orijen
616,cat food recipes,recipe
617,dog food recipe,recipe
618,puppy food recipes,recipe
619,cat food gravy recipe,recipe
620,puppy food recipes australia,recipe
621,bird food recipes nz,recipe
622,bird food lard recipe,recipe
623,bird food recipe with oats,recipe
624,bird food recipes for parrots,recipe
625,animal food recipes,recipe
626,dog food recipes beef,recipe
627,puppy food homemade recipe,recipe
628,dog food tractor supply,tractor
629,puppy food tractor supply,tractor
630,bird food at tractor supply,tractor
631,bird food tractor supply,tractor
632,dog food at tractor supply,tractor
633,puppy food by weight,weight
634,dog food to gain weight,weight
635,puppy food to gain weight,weight
636,cat food to gain weight,weight
637,dog food to help gain weight,weight
638,puppy food intolerance,intolerance
639,dog food intolerance test,intolerance
640,cat food intolerance symptoms,intolerance
641,dog food intolerance,intolerance
642,puppy food intolerance diarrhea,intolerance
643,animal crossing new year's food,'s
644,puppy food lily's kitchen,'s
645,no man's sky animal food,'s
646,dog food zelda link's awakening,'s
647,cat food hill's science,'s
648,dog food bowl stand,stand
649,bird food stand,stand
650,dog food stand,stand
651,cat food bowl stand,stand
652,cat food stand,stand
653,dog food good for allergies,good
654,cat food good for cats,good
655,dog food good for dogs,good
656,cat food good for dogs,good
657,puppy food good,good
658,dog food yang bagus,yang
659,cat food yang bagus,yang
660,cat food yang bagus untuk bulu,yang
661,cat food yang mengandung babi,yang
662,cat food yang bagus dan murah,yang
663,bird food recommended for goldfinches crossword clue,crossword
664,animal food holder crossword,crossword
665,animal food trough crossword clue,crossword
666,animal food crossword clue,crossword
667,animal food receptacle crossword clue,crossword
668,dog food comparison,comparison
669,dog food comparison,comparison
670,cat food comparison,comparison
671,cat food nutrition comparison,comparison
672,dog food ingredients to avoid,ingredients
673,bird food ingredients,ingredients
674,cat food ingredients to avoid,ingredients
675,puppy food ingredients,ingredients
676,dog food kidney disease,disease
677,cat food kidney disease,disease
678,cat food for kidney disease,disease
679,dog food for kidney disease,disease
680,cat food iams,iams
681,puppy food iams,iams
682,iams puppy food yellow bag,iams
683,dog food iams,iams
684,cat food shortage 2022,2022
685,dog food recall 2022,2022
686,dog food shortage 2022,2022
687,cat food shortage 2022,2022
688,cat food tesco,tesco
689,puppy food tesco,tesco
690,bird food tesco,tesco
691,dog food tesco,tesco
692,puppy food for large breeds,large
693,puppy food large bag,large
694,dog food mat large,large
695,puppy food for large breeds,large
696,puppy food ireland,ireland
697,dog food ireland,ireland
698,bird food online ireland,ireland
699,cat food ireland,ireland
700,puppy food lamb,lamb
701,puppy food lamb and rice,lamb
702,dog food lamb and rice,lamb
703,dog food lamb,lamb
704,puppy food quiz,quiz
705,animal food quiz,quiz
706,cat food quiz,quiz
707,animal food chain quiz,quiz
708,puppy food royal canin,royal
709,dog food royal canin,royal
710,cat food royal canin,royal
711,royal canin puppy food yorkie,royal
712,puppy food royal canin,canin
713,dog food royal canin,canin
714,cat food royal canin,canin
715,royal canin puppy food yorkie,canin
716,best puppy food for xl bully,best
717,puppy food uk best,best
718,best puppy food you can buy,best
719,best puppy food yellow lab,best
720,bird food ideas,ideas
721,animal food name ideas,ideas
722,puppy food ideas,ideas
723,animal food ideas,ideas
724,bird food kroger,kroger
725,dog food kroger,kroger
726,puppy food kroger,kroger
727,cat food kroger,kroger
728,bird food mix,mix
729,cat food meow mix,mix
730,bird food mixture,mix
731,dog food mixer,mix
732,puppy food mixer,mix
733,puppy food mix,mix
734,scenic bird food jungle mix,mix
735,bird food tray,tray
736,dog food tray,tray
737,bird food catcher tray,tray
738,bird food hanging tray,tray
739,animal food examples,examples
740,animal food chain examples,examples
741,animal food web examples,examples
742,puppy food examples,examples
743,animal food jokes,jokes
744,bird food jokes,jokes
745,dog food jokes,jokes
746,cat food jokes,jokes
747,animal food logo,logo
748,bird food logo,logo
749,cat food logo,logo
750,animal food logos and names,logo
751,dog food logo,logo
752,animal food products list,products
753,animal food products,products
754,animal food products list,products
755,animal food and products,products
756,animal food web,web
757,bird food web,web
758,animal food web examples,web
759,animal food web,web
760,animal food website,web
761,animal crossing zucker food,crossing
762,animal crossing new year's food,crossing
763,animal crossing food update,crossing
764,animal crossing food qr codes,crossing
765,dog food urinary health,health
766,animal food unhealthy,health
767,dog food joint health,health
768,cat food for urinary health,health
769,cat food healthy,health
770,dog food healthy,health
771,cat food urinary health c/d,health
772,puppy food healthy,health
773,cat food dry,dry
774,dog food dry,dry
775,puppy food dry or wet,dry
776,puppy food wet or dry,dry
777,cat food purina,purina
778,puppy food purina,purina
779,dog food purina,purina
780,cat food urinary purina,purina
781,cat food target,target
782,dog food target,target
783,bird food target,target
784,puppy food target,target
785,cat food ziwi,ziwi
786,dog food ziwi,ziwi
787,cat food ziwi peak,ziwi
788,dog food ziwi peak,ziwi
789,puppy food easy on stomach,easy
790,animal food drawing easy,easy
791,cat food easy to digest,easy
792,dog food easy to digest,easy
793,puppy food for small breeds,small
794,puppy food small breed,small
795,xsmall puppy food,small
796,dog food for small dogs,small
797,puppy food vs small breed food,small
798,dog food price,rice
799,puppy food lamb and rice,rice
800,bird food price,rice
801,dog food lamb and rice,rice
802,cat food price in pakistan,rice
803,bird food price in bangladesh,rice
804,cat food price in bd,rice
805,cat food price,rice
806,puppy food chicken and rice,rice
807,bird food rice,rice
808,bird food lidl,lidl
809,cat food lidl,lidl
810,dog food lidl,lidl
811,puppy food lidl,lidl
812,animal food vat,vat
813,bird food vat rate,vat
814,bird food vat,vat
815,animal food vat rate,vat
816,dog food wet,wet
817,puppy food wet,wet
818,puppy food dry or wet,wet
819,puppy food wet or dry,wet
820,cat food enrichment toys,enrichment
821,puppy food enrichment,enrichment
822,animal food enrichment,enrichment
823,dog food enrichment toys,enrichment
824,cat food enrichment toys,toys
825,dog food enrichment toys,toys
826,dog food toys,toys
827,puppy food toys,toys
828,puppy food zooplus,zoo
829,bird food zooplus,zoo
830,cat food zoo,zoo
831,puppy food zoo,zoo
832,orijen puppy food zooplus,zoo
833,zoo animal food suppliers,zoo
834,beta puppy food zooplus,zoo
835,zoo animal food crafts,zoo
836,eukanuba puppy food zooplus,zoo
837,dog food zooplus,zoo
838,hypoallergenic puppy food zooplus,zoo
839,puppy food recommended by vets,vets
840,puppy food vets recommend,vets
841,cat food recommended by vets,vets
842,dog food recommended by vets,vets
843,bird food suppliers,suppliers
844,zoo animal food suppliers,suppliers
845,bird food wholesale suppliers,suppliers
846,animal food suppliers,suppliers
847,bird food vat rate,rate
848,animal food gst rate,rate
849,animal food vat rate,rate
850,bird food gst rate,rate
851,cat food bath creature,eat
852,bird food wreath,eat
853,animal food eaten by fish in the wild,eat
854,bird food eating,eat
855,eating bird food zucchini bread,eat
856,animal food eat,eat
857,animal food they eat,eat
858,dog food for picky eaters,eat
859,eating bird food zucchini muffins,eat
860,dog food eaten,eat
861,dog food meat,eat
862,eating bird food zucchini fries,eat
863,puppy food for picky eaters,eat
864,eating bird food zucchini oatmeal,eat
865,cat food they eat,eat
866,eating bird food quinoa salad,eat
867,bird food wreath uk,eat
868,eating bird food zucchini boats,eat
869,puppy food eat,eat
870,eating bird food quiche,eat
871,eating bird food zucchini bread overnight oats,eat
872,animal food eaten by fish,eat
873,eating bird food yogurt bark,eat
874,eating bird food zucchini pizza bites,eat
875,types of eating habits of animals,eat
876,animal food is called,called
877,bird food is called,called
878,animal food given to so called,called
879,bird food called,called
880,dog food high in fiber,fiber
881,cat food high in fiber,fiber
882,puppy food high in fiber,fiber
883,cat food with fiber,fiber
884,dog food to gain weight,gain
885,puppy food to gain weight,gain
886,cat food to gain weight,gain
887,bird food home bargains,gain
888,dog food to help gain weight,gain
889,cat food pouches,pouches
890,cat food gravy pouches,pouches
891,puppy food pouches,pouches
892,dog food pouches,pouches
893,bird food wholesale,wholesale
894,animal food wholesalers,wholesale
895,bird food wholesale suppliers,wholesale
896,dog food wholesale,wholesale
897,cat food wholesale,wholesale
898,animal food wholesalers uk,wholesale
899,dog food yang bagus,bagus
900,cat food yang bagus,bagus
901,cat food yang bagus untuk bulu,bagus
902,cat food yang bagus dan murah,bagus
903,bird food recommended for goldfinches crossword clue,clue
904,animal food trough crossword clue,clue
905,animal food crossword clue,clue
906,animal food receptacle crossword clue,clue
907,animal kingdom food places,kingdom
908,animal kingdom food options,kingdom
909,animal kingdom food 2021,kingdom
910,animal kingdom food chain,kingdom
911,dog food habits,habits
912,cat food habits,habits
913,animal food habits chart,habits
914,types of eating habits of animals,habits
915,dog food allergy symptoms,allergy
916,dog food allergy test,allergy
917,puppy food allergy symptoms,allergy
918,dog food allergy symptoms,symptoms
919,cat food intolerance symptoms,symptoms
920,puppy food allergy symptoms,symptoms
921,dog food measuring cup,measuring
922,puppy food measuring cup,measuring
923,cat food measuring cup,measuring
924,dog food measuring cup,cup
925,puppy food measuring cup,cup
926,cat food measuring cup,cup
927,dog food tin,tin
928,bird food tin,tin
929,bird food eating,tin
930,eating bird food zucchini bread,tin
931,dog food rating,tin
932,cat food tin,tin
933,eating bird food zucchini muffins,tin
934,eating bird food zucchini fries,tin
935,dog food gastrointestinal,tin
936,cat food gastrointestinal,tin
937,eating bird food zucchini oatmeal,tin
938,eating bird food quinoa salad,tin
939,eating bird food zucchini boats,tin
940,animal food testing,tin
941,dog food quality rating,tin
942,puppy food tins,tin
943,eating bird food quiche,tin
944,eating bird food zucchini bread overnight oats,tin
945,eating bird food yogurt bark,tin
946,eating bird food zucchini pizza bites,tin
947,types of eating habits of animals,tin
948,dog food vegetarian,vegetarian
949,cat food vegetarian,vegetarian
950,puppy food vegetarian,vegetarian
951,dog food yakuza kiwami,yakuza
952,dog food yakuza 3,yakuza
953,cat food yakuza 6,yakuza
954,cat food dispenser timer,timer
955,cat food dispenser timer,timer
956,cat food timer,timer
957,cat food lid,lid
958,dog food lid backwards,lid
959,bird food lidl,lid
960,cat food lidl,lid
961,dog food lid,lid
962,dog food lidl,lid
963,puppy food lidl,lid
964,cat food meme,meme
965,bird food meme,meme
966,animal or food meme,meme
967,cat food names,names
968,puppy food names,names
969,animal food logos and names,names
970,cat food puzzle,puzzle
971,dog food puzzle,puzzle
972,puppy food puzzle,puzzle
973,cat food you can make at home,make
974,puppy food make your own,make
975,bird food make your own,make
976,puppy food for large breeds,breeds
977,puppy food for small breeds,breeds
978,puppy food for large breeds,breeds
979,puppy food kirkland,kirkland
980,kirkland puppy food yellow bag,kirkland
981,dog food kirkland,kirkland
982,bird food quotes,quotes
983,dog food quotes,quotes
984,cat food quotes,quotes
985,animal food manufacturing,manufacturing
986,animal food manufacturing companies,manufacturing
987,animal food manufacturing companies in india,manufacturing
988,animal food rich in protein,rich
989,cat food enrichment toys,rich
990,animal food is rich in,rich
991,puppy food enrichment,rich
992,animal food enrichment,rich
993,animal food is usually rich in,rich
994,dog food enrichment toys,rich
995,dog food guide,guide
996,puppy food quantity guide,guide
997,bird food guide,guide
998,dog food meaning,meaning
999,bird food meaning,meaning
1000,animal food meaning,meaning
1001,dog food woolworths,woolworths
1002,cat food woolworths,woolworths
1003,puppy food woolworths,woolworths
1004,cat food jar,jar
1005,bird food jar holder,jar
1006,puppy food jars,jar
1007,kilner bird food jar,jar
1008,puppy food yellow bag,low
1009,cat food low in phosphorus,low
1010,iams puppy food yellow bag,low
1011,puppy food low protein,low
1012,bird food yellow one,low
1013,kirkland puppy food yellow bag,low
1014,cat food low in phosphorus and magnesium,low
1015,bird food sunflower seeds,low
1016,best puppy food yellow lab,low
1017,cat food malaysia,malaysia
1018,puppy food malaysia,malaysia
1019,dog food malaysia,malaysia
1020,cat food offers,offers
1021,puppy food offers,offers
1022,bird food offers,offers
1023,puppy food asda,asda
1024,bird food asda,asda
1025,cat food asda,asda
1026,puppy food blue buffalo,buffalo
1027,cat food blue buffalo,buffalo
1028,dog food blue buffalo,buffalo
1029,puppy food yogurt,yogurt
1030,yogurt animal food,yogurt
1031,eating bird food yogurt bark,yogurt
1032,bird food ebay,ebay
1033,puppy food ebay,ebay
1034,cat food ebay,ebay
1035,bird food quinoa,quinoa
1036,puppy food quinoa,quinoa
1037,eating bird food quinoa salad,quinoa
1038,bird food recommended for goldfinches,goldfinches
1039,bird food for goldfinches,goldfinches
1040,bird food recommended for goldfinches crossword clue,goldfinches
1041,animal food eaten by fish in the wild,eaten
1042,dog food eaten,eaten
1043,animal food eaten by fish,eaten
1044,animal food kuwait,kuwait
1045,cat food kuwait,kuwait
1046,puppy food kuwait,kuwait
1047,animal food organizer,organizer
1048,cat food organizer,organizer
1049,dog food organizer,organizer
1050,animal food types,types
1051,bird food types,types
1052,types of eating habits of animals,types
1053,animal food warehouse wasilla,warehouse
1054,animal food warehouse,warehouse
1055,animal food warehouse palmer alaska,warehouse
1056,dog food hypoallergenic,hypoallergenic
1057,cat food hypoallergenic,hypoallergenic
1058,hypoallergenic puppy food zooplus,hypoallergenic
1059,dog food joint health,joint
1060,dog food joint care,joint
1061,puppy joint food,joint
1062,dog food homemade,made
1063,dog food made in usa,made
1064,puppy food made in usa,made
1065,cat food made in usa,made
1066,puppy food homemade recipe,made
1067,dog food yorkie,yorkie
1068,yorkie poo puppy food,yorkie
1069,royal canin puppy food yorkie,yorkie
1070,cat food hills,hills
1071,puppy food hills,hills
1072,dog food hills,hills
1073,cat food kibble,kibble
1074,dog food kibbles and bits,kibble
1075,puppy food kibble size,kibble
1076,animal food kibble,kibble
1077,cat food subscription,subscription
1078,dog food subscription,subscription
1079,bird food subscription,subscription
1080,cat food uti,uti
1081,puppy food uti,uti
1082,dog food uti,uti
1083,puppy food diarrhea,diarrhea
1084,cat food for diarrhea,diarrhea
1085,puppy food intolerance diarrhea,diarrhea
1086,puppy food how much to feed,feed
1087,bird food and water feeder,feed
1088,bird food feeder,feed
1089,animal food and feed,feed
1090,animal feed grass,feed
1091,bird food and feeders,feed
1092,cat food feeder,feed
1093,puppy food jumia,jumia
1094,cat food jumia,jumia
1095,dog food jumia,jumia
1096,puppy food salmon,salmon
1097,puppy food with salmon,salmon
1098,dog food with salmon,salmon
1099,bird food dish,dish
1100,cat food dish,dish
1101,puppy food dish,dish
1102,bird food gift box,box
1103,bird food box,box
1104,cat food box,box
1105,bird food plate,plate
1106,dog food plate,plate
1107,cat food plate,plate
1108,animal food warehouse wasilla,house
1109,animal house zit food,house
1110,bird food house,house
1111,animal food warehouse,house
1112,animal food warehouse palmer alaska,house
1113,animal house food fight youtube,house
1114,dog food coupons,coupons
1115,cat food coupons,coupons
1116,dog food coupons,coupons
1117,dog food eukanuba,eukanuba
1118,puppy food eukanuba review,eukanuba
1119,eukanuba puppy food zooplus,eukanuba
1120,dog food joint care,care
1121,cat food kidney care,care
1122,cat food urinary care c/d,care
1123,dog food manufacturers,manufacturers
1124,bird food manufacturers,manufacturers
1125,animal food manufacturers uk,manufacturers
1126,dog food with probiotics,probiotics
1127,puppy food with probiotics,probiotics
1128,cat food with probiotics,probiotics
1129,animal food unhealthy,healthy
1130,cat food healthy,healthy
1131,dog food healthy,healthy
1132,puppy food healthy,healthy
1133,puppy food dollar general,dollar
1134,bird food dollar general,dollar
1135,cat food dollar general,dollar
1136,puppy food dollar general,general
1137,bird food dollar general,general
1138,cat food dollar general,general
1139,puppy food kibble size,size
1140,puppy food serving size,size
1141,puppy food bowl size,size
1142,bird food and water feeder,feeder
1143,bird food feeder,feeder
1144,bird food and feeders,feeder
1145,cat food feeder,feeder
1146,bird food for winter,winter
1147,bird food in winter,winter
1148,bird food winter,winter
1149,bird food that sparrows don't like,n't
1150,cat food you shouldn't buy,n't
1151,bird food that doesn't attract rats,n't
1152,animal food gst rate,gst
1153,bird food gst rate,gst
1154,animal food hsn code in gst,gst
1155,bird food kingston,gst
1156,,one
1157,,one
1158,,one
1159,bird zone food,one
1160,,one
1161,,one
1162,,one
1163,,one
1164,animal food one word,one
1165,,one
1166,,one
1167,bird food yellow one,one
1168,,one
1169,,one
1170,,one
1171,dog food zone online,one
1172,,one
1173,,one
1174,,one
1175,,one
1176,,one
1177,,one
1178,dog food one,one
1179,,one
1180,,one
1181,,one
1182,,one
1183,,one
1184,,one
1185,dog food donations,donations
1186,animal food donations near me,donations
1187,cat food donations,donations
